มาตรา,รายละเอียด,เอกสารเชื่อมโยง,link
4,"มาตรา ๔ พระราชบัญญัตินี้ไม่ใช้บังคับแก่...
...
การยกเว้นไม่ให้นำบทบัญญัติแห่งพระราชบัญญัตินี้ทั้งหมดหรือแต่บางส่วนมาใช้บังคับแก่ผู้ควบคุมข้อมูลส่วนบุคคลในลักษณะใด  กิจการใด  หรือหน่วยงานใดทำนองเดียวกับผู้ควบคุมข้อมูลส่วนบุคคลตามวรรคหนึ่ง หรือเพื่อประโยชน์สาธารณะอื่นใด ให้ตราเป็นพระราชกฤษฎีกา ",พระราชกฤษฎีกากำหนดลักษณะ กิจการ หรือหน่วยงาน ที่ได้รับการยกเว้นไม่ให้นำพระราชบัญญัติคุ้มครองข้อมูลส่วนบุคคล พ.ศ. 2562 บางส่วนมาใช้บังคับ พ.ศ. 2566,https://www.pdpc.or.th/wp-content/uploads/2023/12/1_PDPA-decree.pdf
19,"มาตรา ๑๙ ผู้ควบคุมข้อมูลส่วนบุคคลจะกระทำการเก็บรวบรวม  ใช้  หรือเปิดเผยข้อมูลส่วนบุคคลไม่ได้หากเจ้าของข้อมูลส่วนบุคคลไม่ได้ให้ความยินยอมไว้ก่อนหรือในขณะนั้น เว้นแต่บทบัญญัติแห่งพระราชบัญญัตินี้หรือกฎหมายอื่นบัญญัติให้กระทำได้

...

ทั้งนี้  คณะกรรมการจะให้ผู้ควบคุมข้อมูลส่วนบุคคลขอความยินยอมจากเจ้าของข้อมูลส่วนบุคคล ตามแบบและข้อความที่คณะกรรมการประกาศกำหนดก็ได้",ยังไม่มีประกาศ,ยังไม่มีประกาศ
20,"มาตรา ๒๐ ในกรณีที่เจ้าของข้อมูลส่วนบุคคลเป็นผู้เยาว์ซึ่งยังไม่บรรลุนิติภาวะโดยการสมรส หรือไม่มีฐานะเสมือนดังบุคคลซึ่งบรรลุนิติภาวะแล้วตามมาตรา ๒๗ แห่งประมวลกฎหมายแพ่งและพาณิชย์  การขอความยินยอมจากเจ้าของข้อมูลส่วนบุคคลดังกล่าว ให้ดำเนินการดังต่อไปนี้ 
(๑) ในกรณีที่การให้ความยินยอมของผู้เยาว์ไม่ใช่การใด ๆ ซึ่งผู้เยาว์อาจให้ความยินยอม โดยลำพังได้ตามที่บัญญัติไว้ในมาตรา ๒๒ มาตรา ๒๓ หรือมาตรา ๒๔ แห่งประมวลกฎหมายแพ่งและพาณิชย์ ต้องได้รับความยินยอมจากผู้ใช้อำนาจปกครองที่มีอำนาจกระทำการแทนผู้เยาว์ด้วย
...",มาตรา ๒๗ แห่งประมวลกฎหมายแพ่งและพาณิชย์ ,"มาตรา ๒๗ ผู้แทนโดยชอบธรรมอาจให้ความยินยอมแก่ผู้เยาว์ในการประกอบธุรกิจทางการค้าหรือธุรกิจอื่น หรือในการทำสัญญาเป็นลูกจ้างในสัญญาจ้างแรงงานได้ ในกรณีที่ผู้แทนโดยชอบธรรมไม่ให้ความยินยอมโดยไม่มีเหตุอันสมควร ผู้เยาว์อาจร้องขอต่อศาลให้สั่งอนุญาตได้

ในความเกี่ยวพันกับการประกอบธุรกิจหรือการจ้างแรงงานตามวรรคหนึ่ง ให้ผู้เยาว์มีฐานะเสมือนดังบุคคลซึ่งบรรลุนิติภาวะแล้ว 

ถ้าการประกอบธุรกิจหรือการทำงานที่ได้รับความยินยอมหรือที่ได้รับอนุญาตตามวรรคหนึ่ง ก่อให้เกิดความเสียหายถึงขนาดหรือเสื่อมเสียแก่ผู้เยาว์ ผู้แทนโดยชอบธรรมอาจบอกเลิกความยินยอมที่ได้ให้แก่ผู้เยาว์เสียได้ หรือในกรณีที่ศาลอนุญาต ผู้แทนโดยชอบธรรมอาจร้องขอต่อศาลให้เพิกถอนการอนุญาตที่ได้ให้แก่ผู้เยาว์นั้นเสียได้

ในกรณีที่ผู้แทนโดยชอบธรรมบอกเลิกความยินยอมโดยไม่มีเหตุอันสมควร ผู้เยาว์อาจร้องขอต่อศาลให้เพิกถอนการบอกเลิกความยินยอมของผู้แทนโดยชอบธรรมได้

การบอกเลิกความยินยอมโดยผู้แทนโดยชอบธรรมหรือการเพิกถอนการอนุญาตโดยศาล ย่อมทำให้ฐานะเสมือนดังบุคคลซึ่งบรรลุนิติภาวะแล้วของผู้เยาว์สิ้นสุดลง แต่ไม่กระทบกระเทือนการใด ๆ ที่ผู้เยาว์ได้กระทำไปแล้วก่อนมีการบอกเลิกความยินยอมหรือเพิกถอนการอนุญาต"
,,มาตรา ๒๒ แห่งประมวลกฎหมายแพ่งและพาณิชย์ ,มาตรา ๒๒  ผู้เยาว์อาจทําการใด ๆ ได้ทั้งสิ้น หากเป็นเพียงเพื่อจะได้ไปซึ่งสิทธิอันใดอันหนึ่ง หรือเป็นการเพื่อให้หลุดพ้นจากหน้าที่อันใดอันหนึ่ง
,,มาตรา ๒๓ แห่งประมวลกฎหมายแพ่งและพาณิชย์ ,มาตรา ๒๓  ผู้เยาว์อาจทําการใด ๆ ไดทั้งสิ้น ซึ่งเป็นการต้องทําเองเฉพาะตัว
,,มาตรา ๒๔ แห่งประมวลกฎหมายแพ่งและพาณิชย์ ,มาตรา ๒๔  ผู้เยาว์อาจทําการใด ๆ ได้ทั้งสิ้น ซึ่งเป็นการสมแก่ฐานานุรูปแห่งตน และเป็นการอันจําเป็นในการดํารงชีพตามสมควร
24(1),"มาตรา ๒๔ ห้ามมิให้ผู้ควบคุมข้อมูลส่วนบุคคลทำการเก็บรวบรวมข้อมูลส่วนบุคคล โดยไม่ได้รับความยินยอมจากเจ้าของข้อมูลส่วนบุคคล  เว้นแต่ 
(๑) เพื่อให้บรรลุวัตถุประสงค์ที่เกี่ยวกับการจัดทำเอกสารประวัติศาสตร์หรือจดหมายเหตุ เพื่อประโยชน์สาธารณะ หรือที่เกี่ยวกับการศึกษาวิจัยหรือสถิติซึ่งได้จัดให้มีมาตรการปกป้องที่เหมาะสม เพื่อคุ้มครองสิทธิและเสรีภาพของเจ้าของข้อมูลส่วนบุคคล ทั้งนี้ ตามที่คณะกรรมการประกาศกำหนด",ประกาศคณะกรรมการคุ้มครองข้อมูลส่วนบุคคล เรื่อง มาตรการที่เหมาะสมสำหรับการเก็บรวบรวมข้อมูลส่วนบุคคลเพื่อให้บรรลุวัตถุประสงค์ที่เกี่ยวกับการศึกษาวิจัยหรือสถิติตามมาตรา 24 (1) และการศึกษาวิจัยทางวิทยาศาสตร์ ประวัติศาสตร์ หรือสถิติ หรือประโยชน์สาธารณะอื่นตามมาตรา 26 (5) (ง) แห่งพระราชบัญญัติคุ้มครองข้อมูลส่วนบุคคล พ.ศ. 2562 พ.ศ. 2566,https://www.pdpc.or.th/wp-content/uploads/2024/01/16521-new.pdf
26,มาตรา ๒๖ ห้ามมิให้เก็บรวบรวมข้อมูลส่วนบุคคลเกี่ยวกับเชื้อชาติ เผ่าพันธุ์ ความคิดเห็นทางการเมือง ความเชื่อในลัทธิ ศาสนาหรือปรัชญา พฤติกรรมทางเพศ ประวัติอาชญากรรม ข้อมูลสุขภาพ ความพิการ ข้อมูลสหภาพแรงงาน ข้อมูลพันธุกรรม ข้อมูลชีวภาพ หรือข้อมูลอื่นใดซึ่งกระทบต่อเจ้าของข้อมูลส่วนบุคคลในทำนองเดียวกันตามที่คณะกรรมการประกาศกำหนด โดยไม่ได้รับความยินยอมโดยชัดแจ้งจากเจ้าของข้อมูลส่วนบุคคล ,ยังไม่มีประกาศ,ยังไม่มีประกาศ
26(5)(ง),"มาตรา ๒๖ ห้ามมิให้เก็บรวบรวมข้อมูลส่วนบุคคลเกี่ยวกับเชื้อชาติ เผ่าพันธุ์ ความคิดเห็นทางการเมือง...

...

(๕) เป็นการจำเป็นในการปฏิบัติตามกฎหมายเพื่อให้บรรลุวัตถุประสงค์เกี่ยวกับ 
(ง) การศึกษาวิจัยทางวิทยาศาสตร์  ประวัติศาสตร์  หรือสถิติ  หรือประโยชน์สาธารณะอื่น ทั้งนี้ ต้องกระทำเพื่อให้บรรลุวัตถุประสงค์ดังกล่าวเพียงเท่าที่จำเป็นเท่านั้น และได้จัดให้มีมาตรการที่เหมาะสมเพื่อคุ้มครองสิทธิขั้นพื้นฐานและประโยชน์ของเจ้าของข้อมูลส่วนบุคคล ตามที่คณะกรรมการประกาศกำหนด",ประกาศคณะกรรมการคุ้มครองข้อมูลส่วนบุคคล เรื่อง มาตรการที่เหมาะสมสำหรับการเก็บรวบรวมข้อมูลส่วนบุคคลเพื่อให้บรรลุวัตถุประสงค์ที่เกี่ยวกับการศึกษาวิจัยหรือสถิติตามมาตรา 24 (1) และการศึกษาวิจัยทางวิทยาศาสตร์ ประวัติศาสตร์ หรือสถิติ หรือประโยชน์สาธารณะอื่นตามมาตรา 26 (5) (ง) แห่งพระราชบัญญัติคุ้มครองข้อมูลส่วนบุคคล พ.ศ. 2562 พ.ศ. 2566,https://www.pdpc.or.th/wp-content/uploads/2024/01/16521-new.pdf
26 วรรคท้าย,"มาตรา ๒๖ ห้ามมิให้เก็บรวบรวมข้อมูลส่วนบุคคลเกี่ยวกับเชื้อชาติ เผ่าพันธุ์ ความคิดเห็นทางการเมือง...

...

ในกรณีที่เป็นการเก็บรวบรวมข้อมูลส่วนบุคคลเกี่ยวกับประวัติอาชญากรรมต้องกระทำภายใต้การควบคุมของหน่วยงานที่มีอำนาจหน้าที่ตามกฎหมาย หรือได้จัดให้มีมาตรการคุ้มครองข้อมูลส่วนบุคคล ตามหลักเกณฑ์ที่คณะกรรมการประกาศกำหนด ",ประกาศคณะกรรมการคุ้มครองข้อมูลส่วนบุคคล เรื่อง หลักเกณฑ์เกี่ยวกับมาตรการคุ้มครองสำหรับการเก็บรวบรวมข้อมูลส่วนบุคคลเกี่ยวกับประวัติอาชญากรรมที่มิได้กระทำภายใต้การควบคุมของหน่วยงานที่มีอำนาจหน้าที่ตามกฎหมาย พ.ศ. 2566,https://www.pdpc.or.th/wp-content/uploads/2024/01/16522.pdf
28,มาตรา ๒๘ ในกรณีที่ผู้ควบคุมข้อมูลส่วนบุคคลส่งหรือโอนข้อมูลส่วนบุคคลไปยังต่างประเทศ ประเทศปลายทางหรือองค์การระหว่างประเทศที่รับข้อมูลส่วนบุคคลต้องมีมาตรฐานการคุ้มครองข้อมูล ส่วนบุคคลที่เพียงพอ ทั้งนี้ ต้องเป็นไปตามหลักเกณฑ์การให้ความคุ้มครองข้อมูลส่วนบุคคลตามที่คณะกรรมการประกาศกำหนดตามมาตรา ๑๖ (๕),ประกาศคณะกรรมการคุ้มครองข้อมูลส่วนบุคคล เรื่อง หลักเกณฑ์การให้ความคุ้มครองข้อมูลส่วนบุคคลที่ส่งหรือโอนไปยังต่างประเทศตามมาตรา 28 แห่งพระราชบัญญัติคุ้มครองข้อมูลส่วนบุคคล พ.ศ. 2562 พ.ศ. 2566,https://www.pdpc.or.th/wp-content/uploads/2024/01/M28.pdf
29,"มาตรา ๒๙ ในกรณีที่ผู้ควบคุมข้อมูลส่วนบุคคลหรือผู้ประมวลผลข้อมูลส่วนบุคคลซึ่งอยู่ในราชอาณาจักรได้กำหนดนโยบายในการคุ้มครองข้อมูลส่วนบุคคลเพื่อการส่งหรือโอนข้อมูลส่วนบุคคล ไปยังผู้ควบคุมข้อมูลส่วนบุคคลหรือผู้ประมวลผลข้อมูลส่วนบุคคลซึ่งอยู่ต่างประเทศและอยู่ในเครือกิจการหรือเครือธุรกิจเดียวกันเพื่อการประกอบกิจการหรือธุรกิจร่วมกัน...

นโยบายในการคุ้มครองข้อมูลส่วนบุคคล ลักษณะของเครือกิจการหรือเครือธุรกิจเดียวกันเพื่อการประกอบกิจการหรือธุรกิจร่วมกัน และหลักเกณฑ์และวิธีการตรวจสอบและรับรองตามวรรคหนึ่ง ให้เป็นไปตามที่คณะกรรมการประกาศกำหนด

ในกรณีที่ยังไม่มีคำวินิจฉัยของคณะกรรมการตามมาตรา ๒๘ หรือยังไม่มีนโยบายในการคุ้มครองข้อมูลส่วนบุคคลตามวรรคหนึ่ง...  รวมทั้งมีมาตรการเยียวยาทางกฎหมายที่มีประสิทธิภาพ ตามหลักเกณฑ์และวิธีการที่คณะกรรมการประกาศกำหนด",ประกาศคณะกรรมการคุ้มครองข้อมูลส่วนบุคคล เรื่อง หลักเกณฑ์การให้ความคุ้มครองข้อมูลส่วนบุคคลที่ส่งหรือโอนไปยังต่างประเทศตามมาตรา 29 แห่งพระราชบัญญัติคุ้มครองข้อมูลส่วนบุคคล พ.ศ. 2562 พ.ศ. 2566,https://www.pdpc.or.th/wp-content/uploads/2024/01/M-29.pdf
30,"มาตรา ๓๐ เจ้าของข้อมูลส่วนบุคคลมีสิทธิขอเข้าถึงและขอรับสำเนาข้อมูลส่วนบุคคลที่เกี่ยวกับตนซึ่งอยู่ในความรับผิดชอบของผู้ควบคุมข้อมูลส่วนบุคคล หรือขอให้เปิดเผยถึงการได้มาซึ่งข้อมูลส่วนบุคคลดังกล่าวที่ตนไม่ได้ให้ความยินยอม

...

คณะกรรมการอาจกำหนดหลักเกณฑ์เกี่ยวกับการเข้าถึงและการขอรับสำเนาตามวรรคหนึ่ง รวมทั้ง การขยายระยะเวลาตามวรรคสี่หรือหลักเกณฑ์อื่นตามความเหมาะสมก็ได้",ยังไม่มีประกาศ,ยังไม่มีประกาศ
31,"มาตรา ๓๑ เจ้าของข้อมูลส่วนบุคคลมีสิทธิขอรับข้อมูลส่วนบุคคลที่เกี่ยวกับตนจากผู้ควบคุมข้อมูลส่วนบุคคลได้ ในกรณีที่ผู้ควบคุมข้อมูลส่วนบุคคลได้ทำให้ข้อมูลส่วนบุคคลนั้นอยู่ในรูปแบบที่สามารถอ่านหรือใช้งานโดยทั่วไปได้ด้วยเครื่องมือหรืออุปกรณ์ที่ทำงานได้โดยอัตโนมัติและสามารถใช้หรือเปิดเผยข้อมูลส่วนบุคคลได้ด้วยวิธีการอัตโนมัติ รวมทั้งมีสิทธิ ดังต่อไปนี้

...

ข้อมูลส่วนบุคคลตามวรรคหนึ่งต้องเป็นข้อมูลส่วนบุคคลที่เจ้าของข้อมูลส่วนบุคคลได้ให้ความยินยอม ในการเก็บรวบรวม ใช้ หรือเปิดเผยข้อมูลส่วนบุคคลตามหลักเกณฑ์แห่งพระราชบัญญัตินี้ หรือเป็นข้อมูลส่วนบุคคลที่ได้รับยกเว้นไม่ต้องขอความยินยอมตามมาตรา ๒๔ (๓) หรือเป็นข้อมูลส่วนบุคคลอื่นที่กำหนดในมาตรา ๒๔ ตามที่คณะกรรมการประกาศกำหนด ",ยังไม่มีประกาศ,ยังไม่มีประกาศ
33,"มาตรา ๓๓ เจ้าของข้อมูลส่วนบุคคลมีสิทธิขอให้ผู้ควบคุมข้อมูลส่วนบุคคลดำเนินการลบ หรือทำลาย หรือทำให้ข้อมูลส่วนบุคคลเป็นข้อมูลที่ไม่สามารถระบุตัวบุคคลที่เป็นเจ้าของข้อมูลส่วนบุคคลได้ ในกรณีดังต่อไปนี้

...

คณะกรรมการอาจประกาศกำหนดหลักเกณฑ์ในการลบหรือทำลาย หรือทำให้ข้อมูลส่วนบุคคลเป็นข้อมูลที่ไม่สามารถระบุตัวบุคคลที่เป็นเจ้าของข้อมูลส่วนบุคคลตามวรรคหนึ่งก็ได้",ประกาศคณะกรรมการคุ้มครองข้อมูลส่วนบุคคล เรื่อง หลักเกณฑ์ในการลบหรือทำลาย หรือทำให้ข้อมูลส่วนบุคคลเป็นข้อมูลที่ไม่สามารถระบุตัวบุคคลที่เป็นเจ้าของข้อมูลส่วนบุคคลได้ พ.ศ. 2567,https://www.pdpc.or.th/wp-content/uploads/2024/08/39218.pdf
34,"มาตรา ๓๔ เจ้าของข้อมูลส่วนบุคคลมีสิทธิขอให้ผู้ควบคุมข้อมูลส่วนบุคคลระงับการใช้ข้อมูลส่วนบุคคลได้ ในกรณีดังต่อไปนี้

...

คณะกรรมการอาจประกาศกำหนดหลักเกณฑ์ในการระงับการใช้ตามวรรคหนึ่งก็ได้ ",ยังไม่มีประกาศ,ยังไม่มีประกาศ
37(1),"มาตรา ๓๗ ผู้ควบคุมข้อมูลส่วนบุคคลมีหน้าที่  ดังต่อไปนี้ 
(๑) จัดให้มีมาตรการรักษาความมั่นคงปลอดภัยที่เหมาะสม เพื่อป้องกันการสูญหาย เข้าถึง ใช้ เปลี่ยนแปลง แก้ไข หรือเปิดเผยข้อมูลส่วนบุคคลโดยปราศจากอำนาจหรือโดยมิชอบ และต้องทบทวน มาตรการดังกล่าวเมื่อมีความจำเป็นหรือเมื่อเทคโนโลยีเปลี่ยนแปลงไปเพื่อให้มีประสิทธิภาพในการรักษาความมั่นคงปลอดภัยที่เหมาะสม ทั้งนี้ ให้เป็นไปตามมาตรฐานขั้นต่ำที่คณะกรรมการประกาศกำหนด ",ประกาศคณะกรรมการคุ้มครองข้อมูลส่วนบุคคล เรื่อง มาตรการรักษาความมั่นคงปลอดภัยของผู้ควบคุมข้อมูลส่วนบุคคล พ.ศ. 2565 ,https://www.pdpc.or.th/wp-content/uploads/2024/01/announcement-pdpc-05.pdf
37(4),"มาตรา ๓๗ ผู้ควบคุมข้อมูลส่วนบุคคลมีหน้าที่  ดังต่อไปนี้ 
...
(๔) แจ้งเหตุการละเมิดข้อมูลส่วนบุคคลแก่สำนักงานโดยไม่ชักช้าภายในเจ็ดสิบสองชั่วโมง นับแต่ทราบเหตุเท่าที่จะสามารถกระทำได้ เว้นแต่การละเมิดดังกล่าวไม่มีความเสี่ยงที่จะมีผลกระทบต่อ สิทธิและเสรีภาพของบุคคล ในกรณีที่การละเมิดมีความเสี่ยงสูงที่จะมีผลกระทบต่อสิทธิและเสรีภาพของบุคคล ให้แจ้งเหตุการละเมิดให้เจ้าของข้อมูลส่วนบุคคลทราบพร้อมกับแนวทางการเยียวยา โดยไม่ชักช้าด้วย ทั้งนี้ การแจ้งดังกล่าวและข้อยกเว้นให้เป็นไปตามหลักเกณฑ์และวิธีการที่คณะกรรมการประกาศกำหนด",ประกาศคณะกรรมการคุ้มครองข้อมูลส่วนบุคคล เรื่อง หลักเกณฑ์และวิธีการในการแจ้งเหตุการละเมิดข้อมูลส่วนบุคคล พ.ศ. 2565,https://www.pdpc.or.th/wp-content/uploads/2023/12/announce-15122565.pdf
38(1),"มาตรา ๓๘ บทบัญญัติเกี่ยวกับการแต่งตั้งตัวแทนตามมาตรา  ๓๗  (๕)  มิให้นำมาใช้บังคับแก่ผู้ควบคุมข้อมูลส่วนบุคคล ดังต่อไปนี้ 
(๑) ผู้ควบคุมข้อมูลส่วนบุคคลซึ่งเป็นหน่วยงานของรัฐตามที่คณะกรรมการประกาศกำหนด 
",ประกาศคณะกรรมการคุ้มครองข้อมูลส่วนบุคคล เรื่อง ผู้ควบคุมข้อมูลส่วนบุคคลและผู้ประมวลผลข้อมูลส่วนบุคคลที่เป็นหน่วยงานของรัฐ ซึ่งต้องจัดให้มีเจ้าหน้าที่คุ้มครองข้อมูลส่วนบุคคล พ.ศ. 2566,https://www.pdpc.or.th/wp-content/uploads/2023/12/announce-18072566.pdf
,,ประกาศคณะกรรมการคุ้มครองข้อมูลส่วนบุคคล เรื่อง ผู้ควบคุมข้อมูลส่วนบุคคลและผู้ประมวลผลข้อมูลส่วนบุคคลที่เป็นหน่วยงานของรัฐซึ่งต้องจัดให้มีเจ้าหน้าที่คุ้มครองข้อมูลส่วนบุคคล (ฉบับที่ ๒) พ.ศ. ๒๕๖๘,https://www.pdpc.or.th/wp-content/uploads/2025/10/PDPC-0110256801.pdf
38(2),"มาตรา ๓๘ บทบัญญัติเกี่ยวกับการแต่งตั้งตัวแทนตามมาตรา  ๓๗  (๕)  มิให้นำมาใช้บังคับแก่ผู้ควบคุมข้อมูลส่วนบุคคล ดังต่อไปนี้ 
...
(๒) ผู้ควบคุมข้อมูลส่วนบุคคลซึ่งประกอบอาชีพหรือธุรกิจในการเก็บรวบรวม ใช้ หรือเปิดเผยข้อมูลส่วนบุคคลที่ไม่มีลักษณะตามมาตรา ๒๖ และไม่มีข้อมูลส่วนบุคคลเป็นจำนวนมากตามที่คณะกรรมการประกาศกำหนดตามมาตรา  ๔๑ (๒) ",ประกาศคณะกรรมการคุ้มครองข้อมูลส่วนบุคคล เรื่อง การจัดให้มีเจ้าหน้าที่คุ้มครองข้อมูลส่วนบุคคลตามมาตรา 41 (2) แห่งพระราชบัญญัติคุ้มครองข้อมูลส่วนบุคคล พ.ศ. 2562 พ.ศ. 2566,https://www.pdpc.or.th/wp-content/uploads/2023/12/announce-14122566.pdf
39,"มาตรา ๓๙ ให้ผู้ควบคุมข้อมูลส่วนบุคคลบันทึกรายการ อย่างน้อยดังต่อไปนี้ เพื่อให้เจ้าของข้อมูลส่วนบุคคลและสำนักงานสามารถตรวจสอบได้ โดยจะบันทึกเป็นหนังสือหรือระบบอิเล็กทรอนิกส์ก็ได้ 

...

ความใน  (๑)  (๒)  (๓)  (๔)  (๕)  (๖)  และ  (๘)  อาจยกเว้นมิให้นำมาใช้บังคับกับผู้ควบคุมข้อมูลส่วนบุคคลซึ่งเป็นกิจการขนาดเล็กตามหลักเกณฑ์ที่คณะกรรมการประกาศกำหนด เว้นแต่ มีการเก็บรวบรวม  ใช้  หรือเปิดเผยข้อมูลส่วนบุคคลที่มีความเสี่ยงที่จะมีผลกระทบต่อสิทธิและเสรีภาพ ของเจ้าของข้อมูลส่วนบุคคล หรือมิใช่กิจการที่เก็บรวบรวม ใช้ หรือเปิดเผยข้อมูลส่วนบุคคลเป็นครั้งคราว หรือมีการเก็บรวบรวม ใช้ หรือเปิดเผยข้อมูลส่วนบุคคลตามมาตรา  ๒๖",ประกาศคณะกรรมการคุ้มครองข้อมูลส่วนบุคคล เรื่อง การยกเว้นการบันทึกรายการของผู้ควบคุมข้อมูลส่วนบุคคลซึ่งเป็นกิจการขนาดเล็ก พ.ศ. 2567,https://www.pdpc.or.th/wp-content/uploads/2025/01/-1--ROPA--.-39.pdf
40(3),"มาตรา ๔๐ ผู้ประมวลผลข้อมูลส่วนบุคคลมีหน้าที่ ดังต่อไปนี้ 
...
(๓) จัดทำและเก็บรักษาบันทึกรายการของกิจกรรมการประมวลผลข้อมูลส่วนบุคคลไว้ ตามหลักเกณฑ์และวิธีการที่คณะกรรมการประกาศกำหนด ",ประกาศคณะกรรมการคุ้มครองข้อมูลส่วนบุคคล เรื่อง หลักเกณฑ์และวิธีการในการจัดทำและเก็บรักษาบันทึกรายการของกิจกรรมการประมวลผลข้อมูลส่วนบุคคลสำหรับผู้ประมวลผลข้อมูลส่วนบุคคล พ.ศ. 2565,https://www.pdpc.or.th/wp-content/uploads/2024/01/announcement-pdpc-04.pdf
40 วรรคท้าย,"มาตรา ๔๐ ผู้ประมวลผลข้อมูลส่วนบุคคลมีหน้าที่ ดังต่อไปนี้ 
...
(๓) จัดทำและเก็บรักษาบันทึกรายการของกิจกรรมการประมวลผลข้อมูลส่วนบุคคลไว้ ตามหลักเกณฑ์และวิธีการที่คณะกรรมการประกาศกำหนด 
...
ความใน (๓) อาจยกเว้นมิให้นำมาใช้บังคับกับผู้ประมวลผลข้อมูลส่วนบุคคลซึ่งเป็นกิจการขนาดเล็กตามหลักเกณฑ์ที่คณะกรรมการประกาศกำหนด เว้นแต่มีการเก็บรวบรวม ใช้ หรือเปิดเผย ข้อมูลส่วนบุคคลที่มีความเสี่ยงที่จะมีผลกระทบต่อสิทธิและเสรีภาพของเจ้าของข้อมูลส่วนบุคคล หรือ มิใช่กิจการที่เก็บรวบรวม ใช้ หรือเปิดเผยข้อมูลส่วนบุคคลเป็นครั้งคราว หรือมีการเก็บรวบรวม ใช้ หรือเปิดเผยข้อมูลส่วนบุคคลตามมาตรา ๒๖ ",ประกาศคณะกรรมการคุ้มครองข้อมูลส่วนบุคคล เรื่อง การยกเว้นการจัดทำและเก็บรักษาบันทึกรายการของกิจกรรมการประมวลผลข้อมูลส่วนบุคคลของผู้ประมวลผลข้อมูลส่วนบุคคลซึ่งเป็นกิจการขนาดเล็ก พ.ศ. 2567,https://www.pdpc.or.th/wp-content/uploads/2025/01/-2--ROPA--.-40.pdf
41(1),"มาตรา ๔๑ ผู้ควบคุมข้อมูลส่วนบุคคลและผู้ประมวลผลข้อมูลส่วนบุคคลต้องจัดให้มีเจ้าหน้าที่คุ้มครองข้อมูลส่วนบุคคลของตน  ในกรณีดังต่อไปนี้ 
(๑) ผู้ควบคุมข้อมูลส่วนบุคคลหรือผู้ประมวลผลข้อมูลส่วนบุคคลเป็นหน่วยงานของรัฐตามที่คณะกรรมการประกาศกำหนด ",ประกาศคณะกรรมการคุ้มครองข้อมูลส่วนบุคคล เรื่อง ผู้ควบคุมข้อมูลส่วนบุคคลและผู้ประมวลผลข้อมูลส่วนบุคคลที่เป็นหน่วยงานของรัฐ ซึ่งต้องจัดให้มีเจ้าหน้าที่คุ้มครองข้อมูลส่วนบุคคล พ.ศ. 2566,https://www.pdpc.or.th/wp-content/uploads/2023/12/announce-18072566.pdf
,,ประกาศคณะกรรมการคุ้มครองข้อมูลส่วนบุคคล เรื่อง ผู้ควบคุมข้อมูลส่วนบุคคลและผู้ประมวลผลข้อมูลส่วนบุคคลที่เป็นหน่วยงานของรัฐซึ่งต้องจัดให้มีเจ้าหน้าที่คุ้มครองข้อมูลส่วนบุคคล (ฉบับที่ ๒) พ.ศ. ๒๕๖๘,https://www.pdpc.or.th/wp-content/uploads/2025/10/PDPC-0110256801.pdf
41(2),"มาตรา ๔๑ ผู้ควบคุมข้อมูลส่วนบุคคลและผู้ประมวลผลข้อมูลส่วนบุคคลต้องจัดให้มีเจ้าหน้าที่คุ้มครองข้อมูลส่วนบุคคลของตน  ในกรณีดังต่อไปนี้ 
...
(๒) การดำเนินกิจกรรมของผู้ควบคุมข้อมูลส่วนบุคคลหรือผู้ประมวลผลข้อมูลส่วนบุคคล ในการเก็บรวบรวม  ใช้  หรือเปิดเผย  จำเป็นต้องตรวจสอบข้อมูลส่วนบุคคลหรือระบบอย่างสม่ำเสมอ โดยเหตุที่มีข้อมูลส่วนบุคคลเป็นจำนวนมากตามที่คณะกรรมการประกาศกำหนด",ประกาศคณะกรรมการคุ้มครองข้อมูลส่วนบุคคล เรื่อง การจัดให้มีเจ้าหน้าที่คุ้มครองข้อมูลส่วนบุคคลตามมาตรา 41 (2) แห่งพระราชบัญญัติคุ้มครองข้อมูลส่วนบุคคล พ.ศ. 2562 พ.ศ. 2566,https://www.pdpc.or.th/wp-content/uploads/2023/12/announce-14122566.pdf
41 วรรคสอง,"มาตรา ๔๑ ผู้ควบคุมข้อมูลส่วนบุคคลและผู้ประมวลผลข้อมูลส่วนบุคคลต้องจัดให้มีเจ้าหน้าที่คุ้มครองข้อมูลส่วนบุคคลของตน  ในกรณีดังต่อไปนี้ 

...

ในกรณีที่ผู้ควบคุมข้อมูลส่วนบุคคลหรือผู้ประมวลผลข้อมูลส่วนบุคคลอยู่ในเครือกิจการ หรือเครือธุรกิจเดียวกันเพื่อการประกอบกิจการหรือธุรกิจร่วมกันตามที่คณะกรรมการประกาศกำหนด ตามมาตรา ๒๙ วรรคสอง ผู้ควบคุมข้อมูลส่วนบุคคลหรือผู้ประมวลผลข้อมูลส่วนบุคคลดังกล่าว อาจจัดให้มีเจ้าหน้าที่คุ้มครองข้อมูลส่วนบุคคลร่วมกันได้ ทั้งนี้ สถานที่ทำการแต่ละแห่งของผู้ควบคุม ข้อมูลส่วนบุคคลหรือผู้ประมวลผลข้อมูลส่วนบุคคลที่อยู่ในเครือกิจการหรือเครือธุรกิจเดียวกันดังกล่าว ต้องสามารถติดต่อกับเจ้าหน้าที่คุ้มครองข้อมูลส่วนบุคคลได้โดยง่าย ",ประกาศคณะกรรมการคุ้มครองข้อมูลส่วนบุคคล เรื่อง หลักเกณฑ์การให้ความคุ้มครองข้อมูลส่วนบุคคลที่ส่งหรือโอนไปยังต่างประเทศตามมาตรา 29 แห่งพระราชบัญญัติคุ้มครองข้อมูลส่วนบุคคล พ.ศ. 2562 พ.ศ. 2566,https://www.pdpc.or.th/wp-content/uploads/2024/01/M-29.pdf
,,,
